id,lat,lon,alt,name,muni,prov
ESCAT1700000017535A,42.3202777778,2.10472222222,1156.0,,,
ESCAT0800000008940B,41.3597222222,2.07638888889,42.0,,,
ESCAT0800000008184C,41.585,2.17694444444,123.0,,,
ESARA4400000044330A,41.0163888889,-1.3375,816.0,,,
ESCAT0800000008160A,41.5566666667,2.24805555556,112.0,,,
ESCAT0800000008208A,41.5627777778,2.10027777778,210.0,,,
ESCAT0800000008228A,41.5327777778,2.03888888889,225.0,,,
ESAND0400000004458A,37.0008333333,-2.77638888889,750.0,,,
ESGAL1500000015318A,43.2263888889,-8.28916666667,160.0,,,
ESIBA0700000107240A,39.5936111111,3.03333333333,154.0,,,
ESIBA0700000107104A,39.765,2.72611111111,65.0,,,
ESCAT2500000025527A,42.5047222222,0.801111111111,1090.0,,,
ESMAD2800000028280A,40.6,-4.125,940.0,,,
ESIBA0700000107240C,39.5894444444,3.05305555556,105.0,,,
ESCLM4500000045646A,40.0297222222,-4.70833333333,428.0,,,
ESCAT1700000017150A,41.9905555556,2.75972222222,112.0,,,
ESCAT0800000008516B,41.9877777778,2.09694444444,576.0,,,
ESAND1400000014005B,37.8802777778,-4.79611111111,122.0,,,
ESCAT0800000008035D,41.4269444444,2.13722222222,206.0,,,
ESAND4100000041940A,37.3725,-6.0475,87.0,,,
ESAND1400000014830A,37.6813888889,-4.55333333333,407.0,,,
ESEUS0100000001213A,42.7561111111,-2.95055555556,646.0,,,
ESCAT0800000008720J,41.3416666667,1.69083333333,210.0,,,
ESPVA0300000003730L,38.7947222222,0.151666666667,110.0,,,
ESEUS2000000020016A,43.3247222222,-1.97083333333,38.0,,,
ESEUS2000000020160A,43.2688888889,-2.03611111111,36.0,,,
ESCYL4900000049600A,42.0080555556,-5.675,750.0,,,
ESPVA0300000003700C,38.8191666667,0.0930555555556,120.0,,,
ESCAT0800000008552C,41.8677777778,2.28527777778,625.0,,,
ESCAT0800000008560A,42.0013888889,2.29027777778,460.0,,,
ESCAT1700000017230E,41.8444444444,3.13,17.0,,,
ESPVA0300000003812A,38.7494444444,-0.291944444444,740.0,,,
ESMAD2800000028720A,40.8558333333,-3.69944444444,1222.0,,,
ESCAT0800000008328A,41.5063888889,2.27833333333,280.0,,,
ESPVA4600000046870C,38.8222222222,-0.607222222222,350.0,,,
ESCYL4200000042157A,41.9344444444,-2.88111111111,1197.0,,,
ESPVA4600000046840B,38.9088888889,-0.417222222222,243.0,,,
ESCAT0800000008192B,41.5311111111,2.0875,175.0,,,
ESICA3500000135360B,27.9997222222,-15.6147222222,1100.0,,,
ESPVA0300000003408A,38.7533333333,-0.958333333333,610.0,,,
ESMAD2800000028470A,40.7444444444,-4.05555555556,1160.0,,,
ESPVA0300000003400I,38.6694444444,-0.933333333333,499.0,,,
ESCAT1700000017528A,42.4433333333,1.90638888889,1200.0,,,
ESPVA0300000003815A,38.6466666667,-0.344444444444,1000.0,,,
ESPVA1200000012318B,40.5825,-0.216111111111,907.0,,,
ESARA2200000022540A,41.8,0.414166666667,255.0,,,
ESPVA0300000003801B,38.6758333333,-0.498611111111,1356.0,,,
ESCAT1700000017405A,41.8688888889,2.41555555556,750.0,,,
ESMAD2800000028814A,40.5475,-3.46166666667,685.0,,,
ESCAT4300000043201B,41.1561111111,1.10972222222,143.0,,,
ESAND0400000004410A,36.9241666667,-2.46333333333,143.0,,,
ESCAT0800000008450A,41.6425,2.40583333333,185.0,,,
ESCAT2500000025518A,42.225,0.990277777778,650.0,,,
ESCAT0800000008430D,41.6027777778,2.31111111111,190.0,,,
ESCAT0800000008506A,41.9275,2.28555555556,488.0,,,
ESCLM1900000019275A,41.2313888889,-3.24638888889,1320.0,,,
ESIBA0700000107240B,39.5963888889,3.04583333333,120.0,,,
ESPVA4600000046837A,38.9613888889,-0.399722222222,230.0,,,
ESIBA0700000107250A,39.575,3.08416666667,130.0,,,
ESCAT2500000025568B,42.4297222222,1.115,1100.0,,,
ESCAT4300000043890A,40.9925,0.922777777778,42.0,,,
ESIBA0700000107500C,39.5611111111,3.20833333333,103.0,,,
ESGAL3600000036209A,42.2161111111,-8.75027777778,60.0,,,
ESCLM1600000016278B,40.2472222222,-1.65916666667,1537.0,,,
ESGAL3200000032870A,41.895,-8.09166666667,487.0,,,
ESCYL4200000042004A,41.7527777778,-2.47083333333,1064.0,,,
ESAND2100000021730B,37.2891666667,-6.5275,74.0,,,
ESPVA4600000046117E,39.5908333333,-0.460277777778,102.0,,,
ESAND2900000029651B,36.5436111111,-4.64305555556,42.0,,,
ESCAT1700000017466A,42.1066666667,3.02027777778,88.0,,,
ESMAD2800000028650D,40.2944444444,-4.52777777778,769.0,,,
ESAND2900000029640A,36.5722222222,-4.60972222222,100.0,,,
ESAND2300000023688A,37.415,-3.95333333333,1030.0,,,
ESNAF3100000031694A,42.9786111111,-1.37055555556,872.0,,,
ESCTB3900000039669A,43.3144444444,-3.9425,66.0,,,
ESICA3500000135118A,27.9047222222,-15.445,273.0,,,
ESCYL2400000024840A,42.8141666667,-5.41027777778,985.0,,,
ESLRI2600000026372A,42.3913888889,-2.58472222222,680.0,,,
ESICA3800000138010C,28.4480555556,16.2880555556,270.0,,,
ESCAT4300000043890B,40.9691666667,0.891111111111,10.0,,,
ESCYL0500000005634A,40.3619444444,-5.17888888889,1485.0,,,
ESCAT0800000008776A,41.4533333333,1.70555555556,245.0,,,
ESCAT1700000017300C,41.6783333333,2.78388888889,30.0,,,
ESCAT0800000008500E,41.9344444444,2.24611111111,525.0,,,
ESCAT4300000043415A,41.3377777778,1.11111111111,987.0,,,
ESEUS0100000001322A,42.5683333333,-2.45083333333,677.0,,,
ESAND2900000029010C,36.7258333333,-4.44444444444,50.0,,,
ESMAD2800000028822A,40.4258333333,-3.55638888889,690.0,,,
ESCAT0800000008696A,42.245,1.975,873.0,,,
ESPVA4600000046130D,39.5636111111,-0.339166666667,25.0,,,
ESAST3300000033440A,43.6261111111,-5.78694444444,63.0,,,
ESCAT1700000017001A,41.9863888889,2.81388888889,91.0,,,
ESPVA4600000046850A,38.9091666667,-0.549444444444,245.0,,,
ESPVA0300000003181A,37.9761111111,-0.6825,15.0,,,
ESPVA0300000003730J,38.7833333333,0.129166666667,40.0,,,
ESCAT0800000008510B,41.9761111111,2.36722222222,472.0,,,
ESCAT0800000008105D,41.5188888889,2.23833333333,55.0,,,
ESCAT4300000043480A,41.1077777778,1.13972222222,42.0,,,
ESCAT1700000017723A,42.3313888889,2.85694444444,100.0,,,
ESEUS0100000001171A,42.9436111111,-2.64305555556,538.0,,,
ESMUR3000000030430G,38.0,-1.74166666667,748.0,,,
ESPVA0300000003750B,38.7836111111,0.0119444444444,120.0,,,
ESCAT0800000008490E,41.6833333333,2.71666666667,24.0,,,
ESCAT1700000017462A,41.9833333333,2.89805555556,406.0,,,
ESPVA0300000003740B,38.7705555556,0.0827777777778,100.0,,,
ESGAL1500000015313A,43.2727777778,-8.10222222222,255.0,,,
ESPVA4600000046635A,38.7766666667,-0.795833333333,627.0,,,
ESCAT0800000008392B,41.5761111111,2.47638888889,140.0,,,
ESCAT0800000008553A,41.8402777778,2.28111111111,670.0,,,
ESAND4100000041970A,37.4438888889,-6.04277777778,21.0,,,
ESCAT0800000008505A,41.9152777778,2.22805555556,512.0,,,
ESAND4100000041010B,37.3802777778,-6.01083333333,11.0,,,
ESCAT0800000008504A,41.9266666667,2.31777777778,576.0,,,
ESCAT1700000017184A,41.9086111111,2.74333333333,146.0,,,
ESAND0400000004021A,37.2208333333,-1.79916666667,1.0,,,
ESCAT0800000008211B,41.6186111111,2.09305555556,331.0,,,
ESMAD2800000028600A,40.2913888889,-4.01805555556,661.0,,,
ESCAT0800000008330B,41.4922222222,2.36611111111,12.0,,,
ESMAD2800000028028B,40.4375,-3.66305555556,691.0,,,
ESCAT4300000043720F,41.2658333333,1.59444444444,140.0,,,
ESCAT0800000008330E,41.4944444444,2.37222222222,8.0,,,
ESCAT2500000025400A,41.5152777778,0.875555555556,310.0,,,
ESPVA0300000003730B,38.7936111111,0.18,15.0,,,
ESCAT1700000017400A,41.7488888889,2.56083333333,165.0,,,
ESARA5000000050300A,41.36,-1.63777777778,543.0,,,
ESCAT0800000008035A,41.4208333333,2.1175,280.0,,,
ESARA2200000022714A,42.5827777778,-0.450277777778,1034.0,,,
ESPVA4600000046008A,39.4730555556,-0.392222222222,26.0,,,
ESPVA0300000003730M,38.8005555556,0.108888888889,131.0,,,
ESPVA0300000003730P,38.7741666667,0.188888888889,5.0,,,
ESCAT1700000017251B,41.8597222222,3.07777777778,16.0,,,
ESCAT0800000008211D,41.6466666667,2.05638888889,398.0,,,
ESPVA1200000012500B,40.47,0.468055555556,22.0,,,
ESAND1100000011500A,36.5947222222,-6.22722222222,20.0,,,
ESPVA0300000003730G,38.7711111111,0.156944444444,20.0,,,
ESAND4100000041380A,38.0375,-5.63194444444,674.0,,,
ESEUS0100000001408B,43.1,-2.98333333333,170.0,,,
ESAST3300000033500B,43.4194444444,-4.84944444444,40.0,,,
ESEUS2000000020300A,43.3408333333,-1.77722222222,11.0,,,
ESPVA4600000046791A,39.0533333333,-0.303055555556,40.0,,,
ESARA5000000050810A,41.9355555556,-0.756666666667,317.0,,,
ESCAT0800000008182A,41.6844444444,2.16333333333,490.0,,,
ESIBA0700000107340C,39.7325,2.79361111111,825.0,,,
ESMAD2800000028240A,40.6177777778,-3.91916666667,1010.0,,,
ESPVA4600000046600B,39.1519444444,-0.440833333333,16.0,,,
ESPVA4600000046440A,39.2936111111,-0.413888888889,30.0,,,
ESARA2200000022761B,42.5161111111,-0.847222222222,735.0,,,
ESCAT1700000017171A,42.0141666667,2.54694444444,817.0,,,
ESPVA0300000003816C,38.6638888889,-0.4,733.0,,,
ESPVA4600000046140B,40.1211111111,-1.41888888889,1310.0,,,
ESPVA4600000046680B,39.1886111111,-0.436666666667,17.0,,,
ESPVA4600000046713A,38.9461111111,-0.164444444444,27.0,,,
ESCLM1600000016214A,39.5533333333,-2.01583333333,802.0,,,
ESPVA1200000012530A,39.8880555556,-0.0847222222222,17.0,,,
ESPVA4600000046291A,39.2127777778,-0.528333333333,62.0,,,
ESCAT2500000025316A,41.7966666667,1.03055555556,316.0,,,
ESPVA4600000046420A,39.2744444444,-0.278055555556,0.0,,,
ESCAT0800000008912A,41.4458333333,2.2475,30.0,,,
ESAND1800000018817A,37.6936111111,-2.66111111111,705.0,,,
ESPVA0300000003700G,38.8411111111,0.106388888889,13.0,,,
ESMAD2800000028016A,40.4636111111,-3.67361111111,706.0,,,
ESEUS0100000001430A,42.8669444444,-2.88555555556,567.0,,,
ESPVA1200000012499A,39.8486111111,-0.324722222222,415.0,,,
ESPVA4600000046370C,39.5422222222,-0.896944444444,850.0,,,
ESARA4400000044600A,41.0522222222,-0.127777777778,350.0,,,
ESPVA0300000003802D,38.7533333333,-0.379166666667,565.0,,,
ESPVA4600000046370B,39.4736111111,-0.717222222222,268.0,,,
ESCLM1600000016317B,40.21,-1.59166666667,1402.0,,,
ESPVA4600000046470B,39.4033333333,-0.403611111111,21.0,,,
ESPVA4600000046196A,39.2752777778,-0.569166666667,91.0,,,
ESCAT0800000008830D,41.3469444444,2.03305555556,22.0,,,
ESPVA4600000046294B,39.0722222222,-0.5675,46.0,,,
ESPVA4600000046980A,39.5308333333,-0.439722222222,90.0,,,
ESCLM1900000019243A,41.1119444444,-2.98472222222,1136.0,,,
ESPVA0300000003801D,38.6966666667,-0.472222222222,580.0,,,
ESPVA4600000046360C,39.4183333333,-0.793333333333,400.0,,,
ESCAT0800000008470A,41.6833333333,2.48055555556,150.0,,,
ESPVA4600000046950A,39.4647222222,-0.427222222222,45.0,,,
ESMAD2800000028794B,40.785,-3.69111111111,839.0,,,
ESPVA4600000046016A,39.5069444444,-0.365277777778,12.0,,,
ESIBA0700000107430A,39.685,3.0,77.0,,,
ESMUR3000000030430A,38.0941666667,-1.78611111111,560.0,,,
ESCAT0800000008233A,41.6025,1.92111111111,425.0,,,
ESCLM1300000013150A,39.0211111111,-3.81833333333,616.0,,,
ESCAT0800000008471B,41.6502777778,2.49416666667,200.0,,,
ESMUR3000000030600B,38.1158333333,-1.30638888889,120.0,,,
ESLRI2600000026001A,42.465,-2.45,395.0,,,
ESCAT0800000008759D,41.3741666667,1.93138888889,216.0,,,
ESCYL2400000024855B,43.0572222222,-5.32194444444,1367.0,,,
ESCAT4300000043800A,41.2994444444,1.26638888889,227.0,,,
ESCAT1700000017166D,42.0405555556,2.50888888889,980.0,,,
ESIBA0700000107669D,39.4255555556,3.21861111111,86.0,,,
ESIBA0700000107250B,39.5661111111,3.08583333333,90.0,,,
ESCYL2400000024006A,42.5991666667,-5.56083333333,836.0,,,
ESIBA0700000107540A,39.5841666667,3.32166666667,51.0,,,
ESCYL0500000005191A,40.5547222222,-4.8225,1130.0,,,
ESCYL0500000005429A,40.3922222222,-4.55972222222,729.0,,,
ESIBA0700000107140C,39.6469444444,2.89805555556,125.0,,,
ESMAD2800000028470B,40.7963888889,-4.06694444444,1220.0,,,
ESIBA0700000107200B,39.4552777778,3.18555555556,510.0,,,
ESMAD2800000028100B,40.5466666667,-3.64166666667,707.0,,,
ESAND1400000014470A,38.4841666667,-4.95305555556,580.0,,,
ESCYL2400000024411A,42.5727777778,-6.6425,511.0,,,
ESCYL3700000037001A,40.9633333333,-5.66138888889,803.0,,,
ESMUR3000000030520D,38.4752777778,-1.32222222222,520.0,,,
ESCLM4500000045600E,39.9247222222,-4.80027777778,502.0,,,
ESMUR3000000030612A,38.1377777778,-1.33222222222,125.0,,,
ESGAL1500000015320C,43.4505555556,-7.86416666667,370.0,,,
ESPVA0300000003293A,38.2294444444,-0.715,50.0,,,
ESARA2200000022600A,42.5197222222,-0.365,790.0,,,
ESAND2900000029713A,36.865,-4.14583333333,285.0,,,
ESPVA0300000003802F,38.7036111111,-0.521388888889,810.0,,,
ESPVA4600000046260A,39.1166666667,-0.517222222222,26.0,,,
ESPVA0300000003005A,38.365,-0.494722222222,61.0,,,
ESAND2300000023006A,37.7813888889,-3.8175,550.0,,,
ESAND1400000014005C,37.8841666667,-4.75916666667,125.0,,,
ESPVA4600000046890A,38.83,-0.545277777778,434.0,,,
ESEXT1000000010161A,39.1833333333,-6.16138888889,400.0,,,
ESCAT0800000008192A,41.5302777778,2.06777777778,230.0,,,
ESPVA0300000003837B,38.7811111111,-0.52,666.0,,,
ESCTB3900000039593F,43.3525,-4.36361111111,104.0,,,
ESEXT0600000006010A,38.8069444444,-6.95277777778,193.0,,,
ESEXT1000000010630A,40.3033333333,-6.32777777778,449.0,,,
ESGAL1500000015560A,43.5341666667,-8.07333333333,70.0,,,
ESGAL2700000027154A,43.0952777778,-7.58583333333,433.0,,,
ESGAL1500000015142B,43.2919444444,-8.5025,65.0,,,
ESCLM1900000019140A,40.5647222222,-3.06361111111,918.0,,,
ESCLM4500000045160A,39.8108333333,-4.1475,643.0,,,
ESCYL0900000009001D,42.3330555556,-3.69888888889,890.0,,,
ESGAL3600000036940A,42.2577777778,-8.79166666667,70.0,,,
ESCAT4300000043830B,41.1508333333,1.40138888889,54.0,,,
ESCYL0500000005270B,40.4152777778,-4.50444444444,700.0,,,
ESCAT0800000008519C,41.9030555556,2.38166666667,530.0,,,
ESAND2900000029631C,36.6011111111,-4.53111111111,105.0,,,
ESCAT0800000008600A,42.0991666667,1.84611111111,684.0,,,
ESPVA4600000046190A,39.5458333333,-0.570555555556,102.0,,,
ESMAD2800000028250A,40.5802777778,-3.8975,819.0,,,
ESPVA4600000046870D,38.8408333333,-0.610833333333,375.0,,,
ESMAD2800000028037A,40.4336111111,-3.62638888889,695.0,,,
ESPVA0300000003760A,38.8261111111,0.0241666666667,33.0,,,
ESPVA4600000046191B,39.5377777778,-0.619166666667,177.0,,,
ESPVA0300000003181C,37.9538888889,-0.7325,50.0,,,
ESCAT0800000008476A,41.7180555556,2.54777777778,97.0,,,
ESPVA0300000003400H,38.625,-0.865555555556,498.0,,,
ESCAT1700000017178B,42.1519444444,2.44472222222,462.0,,,
ESMAD2800000028650A,40.2944444444,-4.50638888889,802.0,,,
ESCAT0800000008035C,41.43,2.14305555556,210.0,,,
ESMAD2800000028813A,40.3683333333,-3.31527777778,810.0,,,
ESPVA4600000046192B,39.3580555556,-0.603055555556,165.0,,,
ESPVA0300000003837D,38.7847222222,-0.345,472.0,,,
ESPVA4600000046192A,39.3813888889,-0.543333333333,225.0,,,
ESPVA4600000046640A,38.8766666667,-0.750555555556,320.0,,,
ESPVA1200000012500A,40.4769444444,0.473333333333,13.0,,,
ESAND1400000014011A,37.9013888889,-4.88138888889,440.0,,,
ESAND1400000014960A,37.3272222222,-4.37138888889,645.0,,,
ESCAT1700000017130C,42.1027777778,3.11027777778,35.0,,,
ESCAT0800000008360D,41.5902777778,2.57694444444,40.0,,,
ESCAT0800000008259A,41.7430555556,1.71277777778,400.0,,,
ESAND2900000029660A,36.4880555556,-4.94888888889,3.0,,,
ESCAT4300000043850E,41.0694444444,1.05166666667,35.0,,,
ESPVA0300000003780D,38.8633333333,-0.11,70.0,,,
ESPVA0300000003780F,38.8419444444,-0.111944444444,66.0,,,
ESPVA4600000046008B,39.4766666667,-0.39,43.0,,,
ESPVA4600000046530C,39.6161111111,-0.303055555556,10.0,,,
ESCAT4300000043764A,41.1752777778,1.32611111111,55.0,,,
ESCAT0800000008519A,41.9513888889,2.32583333333,523.0,,,
ESCAT1700000017539B,42.4122222222,1.825,1340.0,,,
ESCYL3700000037260A,40.8791666667,-6.46944444444,732.0,,,
ESCAT0800000008360C,41.5869444444,2.57722222222,42.0,,,
ESPVA4600000046018D,39.4711111111,-0.400833333333,50.0,,,
ESPVA4600000046164C,39.5986111111,-0.751666666667,235.0,,,
ESPVA4600000046164B,39.6211111111,-0.71,150.0,,,
ESPVA4600000046164D,39.6211111111,-0.71,160.0,,,
ESPVA0300000003792B,38.7383333333,-0.0680555555556,278.0,,,
ESCAT1700000017162A,41.9627777778,2.7375,100.0,,,
ESCAT0800000008012A,41.4005555556,2.1575,78.0,,,
ESPVA4600000046920A,39.4752777778,-0.417222222222,27.0,,,
ESMAD2800000028738A,41.0388888889,-3.61444444444,1120.0,,,
ESPVA4600000046417A,39.1975,-0.336111111111,20.0,,,
ESPVA0300000003730C,38.7613888889,0.148333333333,33.0,,,
ESAST3300000033582A,43.3641666667,-5.43694444444,215.0,,,
ESMAD2800000028723B,40.7488888889,-3.60027777778,860.0,,,
ESCAT4300000043770A,41.0991666667,0.649722222222,30.0,,,
ESPVA4600000046183C,39.5666666667,-0.530555555556,92.0,,,
ESPVA4600000046250A,39.195,-0.506944444444,40.0,,,
ESPVA0300000003730N,38.7902777778,0.162777777778,65.0,,,
ESCAT1700000017800D,42.1652777778,2.49972222222,509.0,,,
ESPVA1200000012170B,40.4647222222,0.181388888889,315.0,,,
ESPVA0300000003729A,38.7272222222,0.0419444444444,234.0,,,
ESPVA0300000003181D,37.9983333333,-0.664722222222,20.0,,,
ESPVA4600000046800D,38.9916666667,-0.513611111111,103.0,,,
ESPVA4600000046770A,39.0327777778,-0.215555555556,7.0,,,
ESPVA4600000046460B,39.3636111111,-0.409166666667,8.0,,,
ESMAD2800000028032A,40.4033333333,-3.62166666667,710.0,,,
ESCAT0800000008695C,42.2516666667,1.86388888889,798.0,,,
ESPVA4600000046790A,39.0097222222,-0.218333333333,23.0,,,
ESPVA4600000046635C,38.7972222222,-0.786666666667,628.0,,,
ESEUS2000000020012B,43.315,-1.96583333333,72.0,,,
ESPVA4600000046815A,39.0186111111,-0.533333333333,111.0,,,
ESPVA4600000046185C,39.5863888889,-0.54,98.0,,,
ESCAT0800000008469A,41.7544444444,2.4,435.0,,,
ESCAT0800000008180E,41.8127777778,2.08722222222,735.0,,,
ESPVA4600000046668A,39.0102777778,-0.460833333333,92.0,,,
ESPVA4600000046613A,39.1477777778,-0.329722222222,14.0,,,
ESAST3300000033750A,43.5583333333,-6.82611111111,70.0,,,
ESCAT0800000008180A,41.8122222222,2.10194444444,705.0,,,
ESPVA1200000012191A,40.0997222222,-0.000555555555556,308.0,,,
ESPVA4600000046111B,39.5305555556,-0.410555555556,38.0,,,
ESPVA4600000046670A,39.0880555556,-0.476388888889,39.0,,,
ESPVA0300000003181F,37.9772222222,-0.684166666667,15.0,,,
ESPVA0300000003730O,38.7775,0.110833333333,80.0,,,
ESMAD2800000028792A,40.8152777778,-3.7575,1130.0,,,
ESAND2300000023600A,37.7172222222,-3.97111111111,672.0,,,
ESIBA0700000207840A,38.9847222222,1.53388888889,33.0,,,
ESAND2300000023680C,37.4791666667,-3.9225,926.0,,,
ESCAT0800000008750C,41.4105555556,2.0225,64.0,,,
ESNAF3100000031190A,42.7833333333,-1.74333333333,450.0,,,
ESPVA4600000046220B,39.3666666667,-0.456666666667,68.0,,,
ESCAT4300000043364C,41.3261111111,1.00416666667,1203.0,,,
ESCAT0800000008691A,41.6116666667,1.84333333333,170.0,,,
ESARA2200000022194A,42.1358333333,-0.468333333333,475.0,,,
ESPVA4600000046816B,39.0038888889,-0.565277777778,120.0,,,
ESCAT1700000017482A,42.0475,2.86361111111,52.0,,,
ESCAT0800000008214B,41.5072222222,2.11861111111,120.0,,,
ESCAT1700000017700C,42.4213888889,2.87194444444,112.0,,,
ESGAL2700000027678A,42.8452777778,-7.13277777778,610.0,,,
ESCAT4300000043362A,41.2605555556,0.938611111111,753.0,,,
ESEXT1000000010800B,39.9925,-6.54194444444,260.0,,,
ESIBA0700000207820A,38.9858333333,1.3,35.0,,,
ESIBA0700000107192B,39.6541666667,2.48333333333,145.0,,,
ESAND0400000004160A,36.9169444444,-2.275,312.0,,,
ESPVA0300000003830D,38.7711111111,-0.432222222222,410.0,,,
ESCAT2500000025177A,41.3536111111,0.668333333333,528.0,,,
ESIBA0700000107141C,39.5938888889,2.70694444444,35.0,,,
ESIBA0700000107500D,39.5525,3.2025,90.0,,,
ESCAT2500000025284D,42.1591666667,1.56555555556,2003.0,,,
ESCAT1700000017490A,42.3780555556,3.15305555556,28.0,,,
ESCAT2500000025284C,42.1713888889,1.55,1786.0,,,
ESPVA0300000003780A,38.8266666667,-0.1175,81.0,,,
ESCYL4000000040196A,40.9705555556,-4.10888888889,1070.0,,,
ESAND1800000018220A,37.2855555556,-3.67472222222,674.0,,,
ESPVA4600000046711A,38.96,-0.130277777778,3.0,,,
ESCAT2500000025180A,41.5641666667,0.528055555556,137.0,,,
ESCAT2500000025460B,41.4241666667,0.861666666667,444.0,,,
ESPVA4600000046117B,39.5544444444,-0.459166666667,125.0,,,
ESCAT4300000043740A,41.0836111111,0.635833333333,50.0,,,
ESCAT0800000008242A,41.7272222222,1.8175,238.0,,,
ESAND2900000029651A,36.5416666667,-4.64388888889,43.0,,,
ESCYL3700000037120A,40.9591666667,-5.74027777778,825.0,,,
ESCAT0800000008782A,41.4972222222,1.83611111111,285.0,,,
ESCYL0500000005250A,40.5,-4.425,919.0,,,
ESAND2900000029650A,36.5963888889,-4.63805555556,450.0,,,
ESPVA1200000012450A,39.91,-0.532777777778,435.0,,,
ESMUR3000000030520A,38.4738888889,-1.3325,520.0,,,
ESCAT0800000008770B,41.4322222222,1.78305555556,198.0,,,
ESCYL0500000005192A,40.6447222222,-4.76638888889,1150.0,,,
ESMAD2800000028043A,40.4622222222,-3.65388888889,728.0,,,
ESAND0400000004700A,36.7747222222,-2.81277777778,92.0,,,
ESMAD2800000028413B,40.7219444444,-3.91638888889,945.0,,,
ESMAD2800000028670A,40.3597222222,-3.89138888889,668.0,,,
ESMAD2800000028038A,40.3916666667,-3.64083333333,728.0,,,
ESAND1400000014610B,37.9338888889,-4.66805555556,114.0,,,
ESCAT0800000008317A,41.555,2.35472222222,260.0,,,
ESAND4100000041960A,37.3902777778,-6.08111111111,109.0,,,
ESCAT0800000008800F,41.2230555556,1.72416666667,32.0,,,
ESPVA4600000046110A,39.5222222222,-0.416388888889,58.0,,,
ESCAT0800000008460A,41.77,2.39083333333,710.0,,,
ESCAT0800000008480A,41.6991666667,2.24361111111,647.0,,,
ESCAT1700000017240F,41.8291666667,2.89333333333,131.0,,,
ESCAT1700000017455A,41.8013888889,2.85138888889,155.0,,,
ESPVA1200000012300C,40.6244444444,-0.100555555556,980.0,,,
ESMAD2800000028925A,40.3552777778,-3.81472222222,720.0,,,
ESPVA1200000012594A,40.0944444444,0.134722222222,25.0,,,
ESPVA4600000046844A,38.8533333333,-0.445,335.0,,,
ESCAT0800000008402A,41.6,2.28305555556,190.0,,,
ESPVA1200000012598C,40.3919444444,0.413055555556,19.0,,,
ESCAT0800000008730A,41.3211111111,1.66277777778,180.0,,,
ESPVA0300000003726A,38.7286111111,0.135,163.0,,,
ESPVA4600000046900A,39.4336111111,-0.476944444444,74.0,,,
ESCLM1600000016270A,39.4658333333,-1.62972222222,762.0,,,
ESARA4400000044360A,40.6,-1.3,984.0,,,
ESCYL2400000024750A,42.3005555556,-5.90055555556,787.0,,,
ESICA3500000235600B,28.4933333333,-13.8663888889,30.0,,,
ESICA3500000135100A,27.7733333333,-15.5822222222,100.0,,,
ESCYL0500000005635A,40.3613888889,-5.13527777778,1525.0,,,
ESICA3800000138300A,28.3858333333,-16.5236111111,435.0,,,
ESCAT1700000017200C,41.9163888889,3.16638888889,60.0,,,
ESPVA0300000003295B,38.2638888889,-0.613888888889,45.0,,,
ESCAT1700000017700A,42.4233333333,2.87111111111,112.0,,,
ESPVA0300000003295A,38.2547222222,-0.646111111111,56.0,,,
ESPVA1200000012580B,40.4152777778,0.398055555556,20.0,,,
ESPVA1200000012560C,40.0561111111,0.0655555555556,18.0,,,
ESCAT0800000008770A,41.4255555556,1.77916666667,191.0,,,
ESGAL1500000015100B,43.2119444444,-8.69222222222,120.0,,,
ESCAT0800000008777B,41.4588888889,1.67111111111,300.0,,,
ESCAT1700000017142C,42.0602777778,3.04583333333,27.0,,,
ESPVA0300000003560B,38.4311111111,-0.396388888889,45.0,,,
ESCAT0800000008759F,41.3747222222,1.94861111111,306.0,,,
ESCAT2500000025287A,41.8658333333,1.60694444444,600.0,,,
ESCAT0800000008230B,41.5994444444,2.02805555556,426.0,,,
ESCAT0800000008917A,41.4563888889,2.21861111111,95.0,,,
ESMAD2800000028522A,40.3563888889,-3.52,622.0,,,
ESAND4100000041460A,37.9338888889,-5.46555555556,435.0,,,
ESCAT0800000008710A,41.5788888889,1.6025,317.0,,,
ESCYL2400000024711A,42.5177777778,-6.0475,898.0,,,
ESAND2900000029788A,36.7913888889,-3.89611111111,326.0,,,
ESPVA0300000003802E,38.6958333333,-0.485277777778,590.0,,,
ESAND1400000014940B,37.4697222222,-4.44361111111,456.0,,,
ESCAT4300000043393F,41.1994444444,1.10972222222,330.0,,,
ESAND2100000021230B,37.9108333333,-6.81805555556,720.0,,,
ESCLM1900000019184A,40.9080555556,-3.3875,920.0,,,
ESCAT0800000008440C,41.6369444444,2.35805555556,200.0,,,
ESICA3800000138670A,28.1222222222,-16.7241666667,283.0,,,
ESPVA4600000046370A,39.4733333333,-0.722222222222,290.0,,,
ESPVA0300000003870A,38.7041666667,-0.416666666667,600.0,,,
ESCLM1600000016600B,39.3997222222,-2.43416666667,721.0,,,
ESMAD2800000028046C,40.4705555556,-3.69194444444,749.0,,,
ESCAT0800000008394B,41.5819444444,2.51027777778,200.0,,,
ESAND1800000018630A,37.0022222222,-3.60055555556,830.0,,,
ESIBA0700000107310B,39.7752777778,2.96555555556,129.0,,,
ESAND1100000011660A,36.7886111111,-5.55611111111,450.0,,,
ESCAT0800000008980C,41.3947222222,2.05111111111,112.0,,,
ESCAT0800000008184A,41.5775,2.18527777778,163.0,,,
ESAND2300000023008A,37.7808333333,-3.78527777778,504.0,,,
ESAND1100000011600A,36.6797222222,-5.44527777778,340.0,,,
ESCAT1700000017486C,42.2477777778,3.06916666667,10.0,,,
ESPVA4600000046894A,38.9858333333,-0.470833333333,145.0,,,
ESPVA1200000012184A,40.2616666667,0.0686111111111,308.0,,,
ESARA5000000050016A,41.6680555556,-0.824444444444,222.0,,,
ESCAT0800000008293C,41.5622222222,1.79833333333,410.0,,,
ESPVA4600000046175A,39.7255555556,-0.971388888889,360.0,,,
ESCAT0800000008232B,41.55,1.95222222222,310.0,,,
ESPVA0300000003830F,38.7877777778,-0.432222222222,410.0,,,
ESGAL3600000036538A,42.7122222222,-7.95527777778,645.0,,,
ESMAD2800000028598B,40.1,-3.23944444444,545.0,,,
ESCAT0800000008786B,41.5330555556,1.68638888889,340.0,,,
ESAST3300000033400A,43.5202777778,-5.92472222222,115.0,,,
ESCAT1700000017856A,42.22,2.54666666667,325.0,,,
ESPVA4600000046800B,38.9888888889,-0.524722222222,129.0,,,
ESCAT0800000008014B,41.3752777778,2.14222222222,45.0,,,
ESPVA4600000046021B,39.4730555556,-0.354166666667,40.0,,,
ESAND1800000018013A,37.1997222222,-3.60416666667,726.0,,,
ESIBA0700000107340A,39.6972222222,2.79611111111,200.0,,,
ESGAL3600000036750A,41.9455555556,-8.77083333333,38.0,,,
ESAND1800000018110A,37.1488888889,-3.67833333333,660.0,,,
ESAND0400000004720B,36.8166666667,-2.575,44.0,,,
ESAST3300000033180A,43.3933333333,-5.70416666667,200.0,,,
ESEUS0100000001010B,42.8658333333,-2.71194444444,530.0,,,
ESCYL0900000009140B,42.4222222222,-3.68027777778,860.0,,,
ESCAT2500000025520A,42.4047222222,0.738055555556,843.0,,,
ESCAT0800000008261A,41.9138888889,1.67861111111,520.0,,,
ESPVA4600000046701A,38.9891666667,-0.194444444444,20.0,,,
ESCAT0800000008913B,41.44,2.2175,60.0,,,
ESCLM1900000019171A,40.6411111111,-3.23916666667,692.0,,,
ESAND4100000041805A,37.3563888889,-6.20194444444,123.0,,,
ESPVA0300000003700D,38.8416666667,0.100555555556,14.0,,,
ESCAT0800000008100D,41.5347222222,2.18333333333,75.0,,,
ESIBA0700000207849A,39.0272222222,1.56638888889,89.0,,,
ESAND1800000018600B,36.7444444444,-3.50666666667,57.0,,,
ESPVA1200000012181A,40.2102777778,0.0283333333333,320.0,,,
ESMAD2800000028751A,40.8627777778,-3.61416666667,1040.0,,,
ESCAT0800000008041B,41.4197222222,2.1725,126.0,,,
ESCAT0800000008734B,41.3233333333,1.71361111111,209.0,,,
ESCAT4300000043530B,40.5625,0.458333333333,83.0,,,
ESCAT0800000008195A,41.4725,2.04416666667,111.0,,,
ESCAT0800000008740D,41.4519444444,1.9625,85.0,,,
ESCLM0200000002610A,38.9475,-2.54305555556,1068.0,,,
ESCAT0800000008328B,41.4969444444,2.29527777778,119.0,,,
ESAND2300000023700C,38.0913888889,-3.64388888889,420.0,,,
ESEXT0600000006420A,38.7230555556,-5.54444444444,502.0,,,
ESAND2900000029003A,36.6833333333,-4.45,10.0,,,
ESPVA0300000003816B,38.6961111111,-0.521666666667,788.0,,,
ESPVA0300000003814A,38.6783333333,-0.325833333333,745.0,,,
ESCAT0800000008211A,41.6163888889,2.08555555556,345.0,,,
ESAND2900000029003B,36.6888888889,-4.41666666667,22.0,,,
ESAND1100000011406A,36.685,-6.14611111111,58.0,,,
ESEXT1000000010120B,39.3358333333,-5.49833333333,480.0,,,
ESGAL2700000027002A,43.0175,-7.50194444444,475.0,,,
ESPVA4600000046712A,38.9405555556,-0.132222222222,9.0,,,
ESICA3800000338900B,27.8122222222,-17.9158333333,610.0,,,
ESARA4400000044621A,41.0502777778,0.100277777778,382.0,,,
ESPVA0300000003840A,38.8211111111,-0.407222222222,416.0,,,
ESAND1400000014200A,38.3158333333,-5.28666666667,542.0,,,
ESMAD2800000028192A,40.8830555556,-3.58666666667,1054.0,,,
ESAND2900000029071B,36.7208333333,-4.51944444444,50.0,,,
ESPVA1200000012130A,40.0661111111,-0.128611111111,210.0,,,
ESAND2300000023611A,37.7986111111,-4.16027777778,380.0,,,
ESAND0400000004120B,36.8394444444,-2.40333333333,11.0,,,
ESIBA0700000207829A,38.9583333333,1.27888888889,12.0,,,
ESARA2200000022002A,42.1438888889,-0.411388888889,480.0,,,
ESARA2200000022520B,41.5261111111,0.346666666667,110.0,,,
ESIBA0700000107400A,39.8430555556,3.13611111111,12.0,,,
ESARA2200000022520D,41.5280555556,0.3275,100.0,,,
ESCLM1600000016150D,40.4302777778,-1.93055555556,1337.0,,,
ESPVA0300000003730F,38.73,0.196111111111,10.0,,,
ESCAT1700000017401A,41.8169444444,2.51583333333,370.0,,,
ESCAT0800000008860B,41.2652777778,1.95611111111,2.0,,,
ESCAT0800000008759G,41.3791666667,1.94333333333,250.0,,,
ESPVA4600000046340A,39.4886111111,-1.08083333333,730.0,,,
ESPVA0300000003730K,38.8,0.1,66.0,,,
ESMAD2800000028010A,40.4327777778,-3.69972222222,700.0,,,
ESMAD2800000028035D,40.4808333333,-3.71611111111,710.0,,,
ESCLM1600000016152B,40.2977777778,-1.80138888889,1220.0,,,
ESCLM1600000016152C,40.2211111111,-1.97527777778,1125.0,,,
ESCAT0800000008023I,41.4125,2.13916666667,160.0,,,
ESMUR3000000030400A,38.0966666667,-1.86583333333,610.0,,,
ESCAT0800000008913F,41.4369444444,2.21916666667,50.0,,,
ESPVA0300000003400C,38.5694444444,-0.955277777778,565.0,,,
ESCAT4300000043413A,41.5033333333,1.18666666667,780.0,,,
ESMAD2800000028350A,40.1641666667,-3.62055555556,575.0,,,
ESMAD2800000028722A,40.7672222222,-3.58388888889,905.0,,,
ESPVA1200000012540A,39.9377777778,-0.101388888889,58.0,,,
ESCAT0800000008600B,1.85,42.0833333333,690.0,,,
ESIBA0700000307712B,39.8713888889,4.20777777778,91.0,,,
ESCAT0800000008261B,41.9211111111,1.68305555556,422.0,,,
ESEUS4800000048004B,43.2527777778,-2.905,90.0,,,
ESCAT0800000008695A,42.2577777778,1.86027777778,865.0,,,
ESMAD2800000028923A,40.3388888889,-3.81833333333,727.0,,,
ESCAT0800000008018D,41.4005555556,2.19361111111,12.0,,,
ESCAT0800000008034A,41.395,2.1225,110.0,,,
ESIBA0700000307760A,39.9947222222,3.83361111111,16.0,,,
ESIBA0700000307769A,40.0525,3.88611111111,65.0,,,
ESPVA1200000012150B,40.4269444444,-0.258055555556,1145.0,,,
ESCAT0800000008330C,41.4955555556,2.35527777778,50.0,,,
ESCTB3900000039011A,43.4438888889,-3.88416666667,36.0,,,
ESCAT1700000017830A,42.1275,2.63972222222,286.0,,,
ESAND0400000004800A,37.4055555556,-2.15194444444,487.0,,,
ESAND2900000029130B,36.66,-4.56222222222,120.0,,,
ESPVA0300000003460C,38.6997222222,-0.766111111111,590.0,,,
ESCLM1600000016123A,39.9925,-2.115,975.0,,,
ESCAT1700000017220B,41.7894444444,3.02888888889,57.0,,,
ESCAT4300000043400B,41.3736111111,1.16333333333,348.0,,,
ESCYL2400000024195A,42.585,-5.51916666667,944.0,,,
ESICA3800000238789B,28.7802777778,-17.9861111111,538.0,,,
ESAND2900000029018A,36.7347222222,-4.35555555556,151.0,,,
ESPVA0300000003860A,38.8436111111,-0.311111111111,272.0,,,
ESAND4100000041740C,36.9252777778,-6.02277777778,20.0,,,
ESAND4100000041740A,36.9155555556,-6.08666666667,23.0,,,
ESCAT1700000017800B,42.1877777778,2.48833333333,468.0,,,
ESPVA1200000012549A,39.9283333333,-0.197222222222,100.0,,,
ESPVA0300000003290A,38.2569444444,-0.666944444444,62.0,,,
ESPVA0300000003510A,38.6461111111,-0.120555555556,247.0,,,
ESCYL3400000034473A,42.5919444444,-4.59666666667,899.0,,,
ESPVA0300000003600A,38.4727777778,-0.7875,411.0,,,
ESCAT4300000046816A,41.3991666667,1.44111111111,660.0,,,
ESAND2100000021500C,37.3661111111,-6.98305555556,6.0,,,
ESCYL4200000042158B,41.9861111111,-2.93111111111,1185.0,,,
ESCLM1300000013004A,38.9694444444,-3.91722222222,634.0,,,
ESCAT0800000008810A,41.25,1.76666666667,48.0,,,
ESCAT0800000008188B,41.5261111111,2.30805555556,220.0,,,
ESEXT1000000010480A,40.1505555556,-5.36138888889,401.0,,,
ESPVA4600000046842A,38.8819444444,-0.344166666667,250.0,,,
ESCAT0800000008571A,42.0613888889,2.27083333333,561.0,,,
ESCLM1600000016003A,40.0594444444,-2.13833333333,938.0,,,
ESAND4100000041010A,37.3805555556,-6.01361111111,8.0,,,
ESAND4100000041019A,37.4138888889,-5.92916666667,21.0,,,
ESAND4100000041016A,37.3786111111,-5.9175,21.0,,,
ESCLM1300000013197A,38.9655555556,-3.94861111111,639.0,,,
ESCAT2500000025720A,42.3425,1.77472222222,1230.0,,,
ESNAF3100000031810B,42.8919444444,-2.10111111111,532.0,,,
ESAND4100000041970B,37.4361111111,-6.04722222222,32.0,,,
ESNAF3100000031829A,42.8741666667,-2.03611111111,615.0,,,
ESPVA0300000003803A,38.7152777778,-0.498333333333,553.0,,,
ESCYL4200000042145A,41.8144444444,-2.6375,1086.0,,,
ESCTB3900000039793A,43.4133333333,-3.70138888889,19.0,,,
ESCAT0800000008243A,41.7202777778,1.83944444444,251.0,,,
ESCAT0800000008505B,41.9122222222,2.18916666667,585.0,,,
ESEXT0600000006800B,38.9213888889,-6.3525,217.0,,,
ESEUS2000000020830B,43.3008333333,-2.38333333333,70.0,,,
ESCAT0800000008490G,41.7175,2.68944444444,56.0,,,
ESAND2900000029700D,36.7788888889,-4.10277777778,58.0,,,
ESMAD2800000028935A,40.3158333333,-3.92527777778,606.0,,,
ESCAT2500000025280B,41.9966666667,1.52111111111,670.0,,,
ESCAT0800000008850A,41.3061111111,1.995,45.0,,,
ESARA4400000044114A,40.4333333333,-1.7,1604.0,,,
ESCAT0800000008014C,41.3841666667,2.13305555556,61.0,,,
ESARA2200000022373A,42.4888888889,-0.113055555556,780.0,,,
ESCYL2400000024285B,42.5294444444,-5.88222222222,850.0,,,
ESCAT0800000008296C,41.6338888889,1.86361111111,138.0,,,
ESAND1800000018270A,37.3208333333,-4.04805555556,699.0,,,
ESAND1400000014300A,38.1169444444,-5.04972222222,658.0,,,
ESMAD2800000028043B,40.4658333333,-3.63166666667,720.0,,,
ESICA3500000135320A,28.0119444444,-15.5325,833.0,,,
ESAND1800000018812A,37.5286111111,-2.90944444444,822.0,,,
ESCAT4300000043720D,41.2816666667,1.61416666667,166.0,,,
ESCAT4300000043005B,41.1122222222,1.23944444444,20.0,,,
ESPVA0300000003804B,38.6986111111,-0.471944444444,560.0,,,
ESARA5000000050020A,41.7719444444,-0.889444444444,301.0,,,
ESPVA0300000003730D,38.7836111111,0.166111111111,20.0,,,
ESCLM1600000016200A,39.5555555556,-1.91527777778,830.0,,,
ESCAT1700000017474A,42.1880555556,3.05,10.0,,,
ESCAT0800000008800G,41.2233333333,1.71166666667,25.0,,,
ESCLM0200000002529B,38.9052777778,-1.69611111111,832.0,,,
ESPVA4600000046960A,39.4752777778,-0.459444444444,54.0,,,
ESAND1800000018190A,37.1594444444,-3.53861111111,730.0,,,
ESAST3300000033947A,43.2936111111,-5.64138888889,410.0,,,
ESCAT0800000008693A,42.0111111111,1.84805555556,614.0,,,
ESMUR3000000030204A,37.6111111111,-0.988611111111,25.0,,,
ESCAT4300000043380A,41.2555555556,1.03194444444,980.0,,,
ESAND1100000011407A,36.7113888889,-6.12972222222,78.0,,,
ESCAT1700000017534B,42.3111111111,2.17777777778,985.0,,,
ESCAT4300000043393E,41.1969444444,1.09694444444,348.0,,,
ESCAT4300000043882A,41.2069444444,1.59722222222,108.0,,,
ESPVA4600000046700B,38.9802777778,-0.169166666667,24.0,,,
ESCAT1700000017411A,41.7913888889,2.77944444444,98.0,,,
ESCAT0800000008640A,41.5405555556,1.89555555556,110.0,,,
ESMUR3000000030006A,37.9955555556,-1.10138888889,43.0,,,
ESAND0400000004870A,37.3486111111,-2.36222222222,545.0,,,
ESAST3300000033424A,43.4363888889,-5.84527777778,174.0,,,
ESCAT0800000008750B,41.4147222222,2.01944444444,49.0,,,
ESAND1400000014550C,37.5902777778,-4.63861111111,384.0,,,
ESGAL3200000032500A,42.4222222222,-8.07,420.0,,,
ESCAT0800000008820A,41.3211111111,2.08416666667,6.0,,,
ESCAT0800000008005A,41.4052777778,2.20666666667,25.0,,,
ESCAT2500000025142C,41.67,0.8175,207.0,,,
ESIBA0700000207816A,39.0383333333,1.38305555556,180.0,,,
ESCAT0800000008470E,41.6919444444,2.49055555556,158.0,,,
ESCAT2500000025793A,42.1747222222,1.31888888889,575.0,,,
ESAND2300000023160A,37.6969444444,-3.80861111111,613.0,,,
ESPVA4600000046295A,39.0952777778,-0.628888888889,70.0,,,
ESCAT4300000043719A,41.2386111111,1.57861111111,107.0,,,
ESCAT1700000017458A,41.9408333333,2.81083333333,118.0,,,
ESARA2200000022583A,42.3516666667,0.716111111111,1069.0,,,
ESCAT0800000008860C,41.2675,1.935,62.0,,,
ESMUR3000000030530B,38.2397222222,-1.41472222222,188.0,,,
ESCYL4000000040194A,40.9069444444,-4.05388888889,1130.0,,,
ESCLM1600000016512A,40.2894444444,-2.77333333333,760.0,,,
ESAST3300000033749A,43.5575,-6.95277777778,35.0,,,
ESCAT4300000043364E,41.2952777778,1.02611111111,771.0,,,
ESAND2300000023640D,37.785,-3.9025,670.0,,,
ESPVA4600000046220C,39.3363888889,-0.471388888889,70.0,,,
ESPVA4600000046728A,38.9641666667,-0.232222222222,88.0,,,
ESCAT4300000043206B,41.1663888889,1.10694444444,154.0,,,
ESCAT0800000008100C,41.5347222222,2.21638888889,65.0,,,
ESPVA4600000046838A,38.9405555556,-0.360277777778,288.0,,,
ESPVA1200000012590A,39.7505555556,-0.225555555556,25.0,,,
ESAND4100000041111A,37.3,-6.1,50.0,,,
ESIBA0700000107690A,39.3438888889,3.09083333333,50.0,,,
ESPVA0300000003720G,38.7138888889,0.0466666666667,270.0,,,
ESICA3800000138108D,28.4472222222,-16.3022222222,325.0,,,
ESCAT0800000008003F,41.3855555556,2.19555555556,21.0,,,
ESCAT4300000043540A,40.6225,0.5925,11.0,,,
ESCAT0800000008024A,41.4105555556,2.16333333333,105.0,,,
ESLRI2600000026376A,42.3594444444,-2.54972222222,800.0,,,
ESAND0400000004610A,37.2936111111,-1.87583333333,88.0,,,
ESCAT0800000008500A,41.9583333333,2.28333333333,500.0,,,
ESPVA4600000046650D,38.9647222222,-0.585833333333,165.0,,,
ESCAT1700000017538B,42.3983333333,1.92138888889,1100.0,,,
ESCYL3700000037600A,40.7,-6.1,922.0,,,
ESCYL2400000024009A,42.6061111111,-5.58888888889,843.0,,,
ESCAT0800000008849B,41.3361111111,1.99555555556,83.0,,,
ESCAT0800000008304B,41.5533333333,2.46111111111,80.0,,,
ESAND4100000041920A,37.3608333333,-6.03055555556,24.0,,,
ESCAT0800000008030F,41.4380555556,2.22805555556,19.0,,,
ESPVA4600000046022A,39.4663888889,-0.345555555556,34.0,,,
ESCAT0800000008391B,41.4911111111,2.25305555556,308.0,,,
ESARA2200000022193A,42.2638888889,-0.449444444444,750.0,,,
ESEUS2000000020018A,43.3116666667,-2.01555555556,75.0,,,
ESCAT0800000008290B,41.4902777778,2.13694444444,110.0,,,
ESCAT0800000008224A,41.5666666667,2.00472222222,300.0,,,
ESCAT1700000017722A,42.3694444444,2.83055555556,198.0,,,
ESARA4400000044493A,41.0802777778,-1.045,980.0,,,
ESCAT0800000008319A,41.6202777778,2.42722222222,400.0,,,
ESIBA0700000107620C,39.4877777778,2.89194444444,134.0,,,
ESCAT0800000008519B,41.9522222222,2.32666666667,535.0,,,
ESAND2900000029400B,36.755,-5.13472222222,744.0,,,
ESPVA0300000003730H,38.7619444444,0.142222222222,50.0,,,
ESPVA0300000003837F,38.7775,-0.517222222222,760.0,,,
ESIBA0700000107500E,39.6222222222,3.20166666667,115.0,,,
ESPVA0300000003400F,38.5305555556,-1.01888888889,672.0,,,
ESCAT0800000008777C,41.4633333333,1.65944444444,320.0,,,
ESCLM1900000019300B,40.8444444444,-1.87805555556,1069.0,,,
ESCAT4300000043560A,40.6547222222,0.295277777778,370.0,,,
ESCAT4300000043439A,41.3483333333,0.959166666667,886.0,,,
ESCLM1900000019310A,40.585,-1.79055555556,1380.0,,,
ESAND2900000029570A,36.7188888889,-4.60944444444,105.0,,,
ESARA4400000044559A,40.6483333333,-0.529722222222,1150.0,,,
ESAND2900000029071A,36.7158333333,-4.47277777778,50.0,,,
ESCAT4300000043479A,41.2511111111,1.08861111111,811.0,,,
ESCYL3400000034002A,42.0075,-4.52666666667,773.0,,,
ESEUS2000000020100A,43.28,-1.89638888889,110.0,,,
ESARA5000000050012B,41.6388888889,-0.9225,254.0,,,
ESCAT0800000008110D,41.4819444444,2.18694444444,41.0,,,
ESEXT1000000010001B,39.4708333333,-6.38555555556,460.0,,,
ESPVA4600000046940A,39.4933333333,-0.465555555556,70.0,,,
ESCAT4300000043364F,41.3183333333,0.977777777778,915.0,,,
ESCAT0800000008370A,41.6141666667,2.66472222222,7.0,,,
ESCAT1700000017141B,42.0788888889,3.09972222222,33.0,,,
ESCAT1700000017230D,41.8563888889,3.13805555556,20.0,,,
ESMAD2800000028270A,40.5588888889,-4.02138888889,859.0,,,
ESEUS2000000020400A,43.1427777778,-2.07111111111,90.0,,,
ESAND2100000021500B,37.3791666667,-6.96444444444,47.0,,,
ESGAL1500000015630A,43.3788888889,-8.19805555556,115.0,,,
ESICA3800000238750A,28.6525,-17.8880555556,568.0,,,
ESAND1800000018200A,37.1752777778,-3.7125,618.0,,,
ESCAT0800000008830C,41.35,2.02777777778,50.0,,,
ESMAD2800000028042A,40.4625,-3.58388888889,646.0,,,
ESAND2900000029611A,36.5811111111,-4.94805555556,327.0,,,
ESAST3300000033590A,43.3725,-4.54555555556,115.0,,,
ESCLM1600000016700A,39.4052777778,-2.20027777778,742.0,,,
ESIBA0700000107620A,39.4883333333,2.895,138.0,,,
ESPVA4600000046240B,39.2294444444,-0.507777777778,50.0,,,
ESCAT4300000043830A,41.1402777778,1.40166666667,5.0,,,
ESCAT2500000025341B,41.5605555556,1.11611111111,463.0,,,
ESPVA0300000003802C,38.6983333333,-0.498333333333,563.0,,,
ESCAT4300000043364A,41.2872222222,1.0975,878.0,,,
ESCAT4300000043500A,40.7975,0.524722222222,12.0,,,
ESMUR3000000030162A,38.0158333333,-1.05388888889,35.0,,,
ESICA3800000138320C,28.47,-16.2863888889,319.0,,,
ESMUR3000000030319A,37.6536111111,-1.01694444444,51.0,,,
ESAST3300000033006A,43.3594444444,-5.86333333333,302.0,,,
ESEXT0600000006800D,38.9266666667,-6.32888888889,224.0,,,
ESAND2100000021800A,37.2752777778,-6.83833333333,44.0,,,
ESCAT4300000043711A,41.2788888889,1.58138888889,165.0,,,
ESIBA0700000107320B,39.6519444444,2.77305555556,130.0,,,
ESCAT0800000008230C,41.6030555556,2.02777777778,515.0,,,
ESCYL2400000024994A,43.0233333333,-5.05111111111,1110.0,,,
ESCAT4300000043700B,41.2255555556,1.53805555556,57.0,,,
ESCTB3900000039538A,43.3458333333,-4.10333333333,108.0,,,
ESCAT1700000017178C,42.1525,2.43527777778,470.0,,,
ESCAT4300000043393C,41.1908333333,1.10861111111,255.0,,,
ESCAT0800000008614A,42.0522222222,1.77277777778,802.0,,,
ESCAT0800000008912B,41.445,2.24333333333,33.0,,,
ESMUR3000000030800A,37.6486111111,-1.68555555556,307.0,,,
ESCAT4300000043470A,41.2111111111,1.13222222222,270.0,,,
ESPVA0300000003430A,38.6158333333,-0.6575,665.0,,,
ESPVA4600000046758A,39.0044444444,-0.29,379.0,,,
ESMUR3000000030310B,37.62,-1.00055555556,26.0,,,
ESCAT0800000008232A,41.5597222222,1.95555555556,290.0,,,
ESCAT0800000008014F,41.3711111111,2.1375,40.0,,,
ESCAT0800000008015A,41.3833333333,2.15361111111,40.0,,,
ESCAT0800000008511C,42.0358333333,2.3675,719.0,,,
ESCLM0200000002230A,39.2094444444,-1.79416666667,688.0,,,
ESMAD2800000028752A,40.9286111111,-3.62138888889,1033.0,,,
ESCAT0800000008739B,41.3925,1.79805555556,230.0,,,
ESPVA4600000046770B,39.0475,-0.195,3.0,,,
ESMAD2800000028791C,40.7555555556,-3.78027777778,927.0,,,
ESMAD2800000028749A,40.9233333333,-3.85888888889,1120.0,,,
ESAND4100000041320A,37.6077777778,-5.82611111111,31.0,,,
ESPVA1200000012513A,40.5052777778,-0.000277777777778,931.0,,,
ESAND2900000029490A,36.5391666667,-5.3825,245.0,,,
ESPVA4600000046014B,39.4530555556,-0.403055555556,27.0,,,
ESMUR3000000030140B,38.1077777778,-1.055,104.0,,,
ESGAL3200000003270A,42.3436111111,-7.24833333333,719.0,,,
ESGAL2700000027821A,43.1144444444,-7.46527777778,443.0,,,
ESGAL2700000027002B,43.0030555556,-7.55333333333,481.0,,,
ESCAT4300000043790A,41.2533333333,0.4875,98.0,,,
ESPVA0300000003204A,38.2566666667,-0.702777777778,82.0,,,
ESCYL4700000047155B,41.6944444444,-4.68694444444,692.0,,,
ESCAT2500000025516A,42.2752777778,0.928055555556,739.0,,,
ESPVA1200000012513D,40.4719444444,0.0216666666667,661.0,,,
ESPVA0300000003750A,38.7902777778,0.0388888888889,54.0,,,
ESAND4100000041219A,37.5786111111,-6.10277777778,165.0,,,
ESCAT4300000043559A,40.6077777778,0.380833333333,205.0,,,
ESMUR3000000030812A,37.9061111111,-1.79972222222,773.0,,,
ESCYL0900000009611A,41.9886111111,-3.28666666667,998.0,,,
ESCAT4300000043816B,41.4211111111,1.39583333333,560.0,,,
ESAST3300000033457A,43.5738888889,-5.98388888889,60.0,,,
ESIBA0700000207800A,38.9072222222,1.41305555556,27.0,,,
ESEXT1000000010440A,40.1308333333,-5.69666666667,667.0,,,
ESCAT2500000025110A,41.6655555556,0.526944444444,338.0,,,
ESIBA0700000107141D,39.6041666667,2.73944444444,55.0,,,
ESPVA1200000012360A,40.5213888889,0.159166666667,450.0,,,
ESAND4100000041710B,37.1947222222,-5.77277777778,58.0,,,
ESCAT2500000025597A,42.5966666667,0.984722222222,2380.0,,,
ESIBA0700000207815B,39.0363888889,1.41527777778,183.0,,,
ESEXT0600000006378A,38.3263888889,-6.53611111111,420.0,,,
ESAND2900000029451A,36.6658333333,-5.05305555556,1120.0,,,
ESCYL0900000009193A,42.3316666667,-3.61888888889,922.0,,,
ESCAT0800000008759A,41.3877777778,1.92638888889,310.0,,,
ESAST3300000033579A,43.3338888889,-4.53,70.0,,,
ESICA3800000138008A,28.4686111111,-16.2775,196.0,,,
ESCAT0800000008202B,41.5472222222,2.11444444444,190.0,,,
ESPVA4600000046380A,39.4919444444,-0.683611111111,218.0,,,
ESPVA0300000003660E,38.3833333333,-0.765833333333,235.0,,,
ESCAT0800000008789B,41.5122222222,1.635,550.0,,,
ESPVA0300000003720B,38.7166666667,0.0522222222222,276.0,,,
ESCAT2500000025591A,42.3158333333,1.05111111111,868.0,,,
ESCAT0800000008760A,41.4736111111,1.93,56.0,,,
ESCAT0800000008530D,41.6852777778,2.28555555556,247.0,,,
ESPVA4600000046635B,38.7844444444,-0.768611111111,635.0,,,
ESPVA0300000003440D,38.63,-0.5825,710.0,,,
ESPVA4600000046960B,39.4786111111,-0.470555555556,55.0,,,
ESPVA4600000046388A,39.425,-0.684444444444,260.0,,,
ESCAT1700000017174A,42.0786111111,2.50638888889,488.0,,,
ESARA2200000022125A,42.0066666667,-0.0472222222222,474.0,,,
ESCAT4300000043520A,40.8202777778,0.500277777778,10.0,,,
ESARA4400000044420A,40.0577777778,-0.830277777778,1040.0,,,
ESPVA0300000003113A,38.3494444444,-0.641666666667,195.0,,,
ESAND1100000011100D,36.4533333333,-6.21527777778,6.0,,,
ESCAT4300000043450B,41.3158333333,1.17472222222,332.0,,,
ESCYL2400000024850A,42.8625,-5.32388888889,975.0,,,
ESCAT0800000008800B,41.2233333333,1.73611111111,14.0,,,
ESCAT2500000025284E,42.1766666667,1.56527777778,1788.0,,,
ESAND0400000004131A,36.8538888889,-2.30472222222,62.0,,,
ESAST3300000033202A,43.5380555556,-5.65444444444,39.0,,,
ESCAT0800000008350A,41.5927777778,2.565,85.0,,,
ESAST3300000033891C,43.4044444444,-6.33722222222,660.0,,,
ESMUR3000000030589A,38.0136111111,-1.04972222222,41.0,,,
ESIBA0700000107141B,39.6316666667,2.72777777778,102.0,,,
ESCAT4300000043774A,41.1566666667,0.875555555556,463.0,,,
ESCAT0800000008206C,41.5602777778,2.08027777778,254.0,,,
ESAND2300000023610A,37.6458333333,-3.91,720.0,,,
ESCAT4300000043364B,41.3122222222,0.9875,945.0,,,
ESCAT0800000008785A,41.5208333333,1.70888888889,289.0,,,
ESGAL3200000032236A,42.1447222222,-8.18722222222,218.0,,,
ESGAL3600000036519A,42.6775,-8.19083333333,463.0,,,
ESCYL4700000047140A,41.5897222222,-4.72472222222,701.0,,,
ESCLM1300000013230A,38.9741666667,-3.33916666667,670.0,,,
ESARA4400000044134A,40.1805555556,-1.3875,1120.0,,,
ESMAD2800000028229A,40.5022222222,-3.96694444444,661.0,,,
ESCAT1700000017475A,42.1772222222,2.99277777778,28.0,,,
ESAND1800000018010A,37.18,-3.59055555556,730.0,,,
ESAND2300000023680A,37.4580555556,-3.91777777778,934.0,,,
ESAND2100000021003B,37.2666666667,-6.95,15.0,,,
ESMAD2800000028529A,40.3283333333,-3.51611111111,555.0,,,
ESPVA0300000003727A,38.7383333333,0.0,192.0,,,
ESPVA0300000003829A,38.7722222222,-0.424722222222,365.0,,,
ESPVA0300000003314A,38.0936111111,-0.859722222222,23.0,,,
ESCLM1900000019142A,40.6,-3.01833333333,782.0,,,
ESPVA0300000003780B,38.8461111111,-0.110277777778,55.0,,,
ESGAL3600000036212A,42.2141666667,-8.75638888889,77.0,,,
ESPVA4600000046132A,39.5155555556,-0.3475,11.0,,,
ESIBA0700000107200A,39.4691666667,3.15138888889,130.0,,,
ESCAT1700000017800A,42.1855555556,2.46944444444,452.0,,,
ESCAT0800000008105C,41.5044444444,2.25055555556,300.0,,,
ESMUR3000000030180D,38.0291666667,-1.65138888889,602.0,,,
ESCYL2400000024730A,42.85,-6.31416666667,1243.0,,,
ESCAT2500000025654A,42.1522222222,0.948333333333,521.0,,,
ESCAT0800000008191E,41.4905555556,2.03083333333,130.0,,,
ESCAT1700000017251D,41.8441666667,3.06833333333,120.0,,,
ESPVA4600000046119A,39.6633333333,-0.431666666667,265.0,,,
ESCAT1700000017600B,42.2683333333,2.95666666667,65.0,,,
ESMUR3000000030648A,38.2694444444,-1.01166666667,415.0,,,
ESCAT0800000008256A,41.7177777778,1.76666666667,323.0,,,
ESMAD2800000028223A,40.4316666667,-3.82194444444,694.0,,,
ESCAT0800000008224C,41.5641666667,1.99361111111,322.0,,,
ESAND4100000041600A,37.2661111111,-5.54694444444,117.0,,,
ESCYL0900000009430B,41.1333333333,-3.05,1007.0,,,
ESAST3300000033203A,43.5380555556,-5.62388888889,30.0,,,
ESAND0400000004120C,36.8422222222,-2.40916666667,24.0,,,
ESCAT1700000017730C,42.2947222222,2.9125,142.0,,,
ESCAT0800000008224D,41.5675,2.00138888889,300.0,,,
ESCAT1700000017811A,42.1577777778,2.51,560.0,,,
ESCAT0800000008784A,41.5222222222,1.74944444444,326.0,,,
ESCAT0800000008260A,41.8358333333,1.76166666667,286.0,,,
ESGAL1500000015360A,43.7366666667,-7.87722222222,25.0,,,
ESCAT1700000017751A,42.3686111111,2.98027777778,82.0,,,
ESIBA0700000307710A,39.8502777778,4.25666666667,60.0,,,
ESCAT0800000008221B,2.00944444444,41.5561111111,270.0,,,
ESPVA0300000003579C,38.6083333333,-0.272777777778,417.0,,,
ESCLM0200000002400A,38.5052777778,-1.70527777778,540.0,,,
ESAND1100000011100B,36.4702777778,-6.20277777778,46.0,,,
ESMAD2800000028691A,40.4466666667,-4.005,650.0,,,
ESPVA0300000003788A,38.8188888889,-0.276111111111,460.0,,,
ESPVA4600000046410A,39.2136111111,-0.313055555556,0.0,,,
ESGAL1500000015145A,43.1880555556,-8.54055555556,469.0,,,
ESCLM1300000013240A,38.9369444444,-3.24138888889,745.0,,,
ESMAD2800000028522B,40.3605555556,-3.52916666667,651.0,,,
ESCAT0800000008206G,41.5555555556,2.08527777778,220.0,,,
ESPVA1200000012200B,39.9633333333,-0.264166666667,199.0,,,
ESPVA0300000003725D,38.7008333333,0.0883333333333,226.0,,,
ESCAT0800000008301F,41.5302777778,2.44861111111,14.0,,,
ESMAD2800000028696A,40.3644444444,-4.325,570.0,,,
ESCAT1700000017257A,42.0402777778,3.12722222222,30.0,,,
ESPVA0300000003181B,37.98,-0.688888888889,10.0,,,
ESCAT0800000008811A,41.2861111111,1.70833333333,420.0,,,
ESPVA4600000046839A,38.925,-0.483888888889,180.0,,,
ESPVA4600000046701B,38.9747222222,-0.180277777778,24.0,,,
ESCAT0800000008398A,41.6411111111,2.71694444444,48.0,,,
ESAND2900000029400C,36.7541666667,-5.17,725.0,,,
ESCYL4000000040213A,41.4047222222,-4.43083333333,775.0,,,
ESCAT2500000025430A,41.5458333333,0.823611111111,255.0,,,
ESCAT0800000008903D,41.3691666667,2.12416666667,43.0,,,
ESCAT0800000008503A,41.9738888889,2.23805555556,525.0,,,
ESPVA4600000046630C,38.7969444444,-0.883055555556,596.0,,,
ESCAT0800000008397A,41.6222222222,2.67055555556,40.0,,,
ESCAT0800000008530B,41.6916666667,2.28138888889,250.0,,,
ESPVA0300000003780E,38.8405555556,-0.118055555556,80.0,,,
ESICA3800000138300C,28.3875,-16.5277777778,380.0,,,
ESPVA0300000003780G,38.8511111111,-0.0469444444444,50.0,,,
ESCAT2500000025595A,42.4963888889,1.27388888889,1384.0,,,
ESPVA0300000003111A,38.4752777778,-0.445,185.0,,,
ESCAT0800000008650B,41.8266666667,1.89972222222,336.0,,,
ESAND2900000029649A,36.5075,-4.72722222222,174.0,,,
ESPVA4600000046880D,38.7616666667,-0.6175,614.0,,,
ESPVA4600000046870B,38.8172222222,-0.607222222222,370.0,,,
ESAND0400000004006A,36.8472222222,-2.44111111111,34.0,,,
ESCLM1300000013380A,38.7463888889,-3.84194444444,654.0,,,
ESCLM0200000002640B,38.8730555556,-1.10138888889,700.0,,,
ESCAT0800000008226C,41.5752777778,2.02444444444,260.0,,,
ESGAL3600000036350A,42.1141666667,-8.77972222222,15.0,,,
ESAST3300000033402A,43.5527777778,-5.91777777778,50.0,,,
ESPVA0300000003183A,37.9852777778,-0.658888888889,20.0,,,
ESPVA0300000003725C,38.7191666667,0.101666666667,165.0,,,
ESCAT0800000008360F,2.58333333333,41.5905555556,25.0,,,
ESCAT4300000043550A,40.6216666667,0.400277777778,175.0,,,
ESCAT1700000017846B,42.1038888889,2.77972222222,140.0,,,
ESMAD2800000028904A,40.3163888889,-3.73166666667,646.0,,,
ESPVA0300000003792C,38.7480555556,-0.0644444444444,259.0,,,
ESPVA0300000003150A,38.1386111111,-0.771111111111,4.0,,,
ESPVA0300000003724B,38.6894444444,0.118055555556,20.0,,,
ESIBA0700000107007A,39.5544444444,2.69138888889,11.0,,,
ESEUS4800000048330B,43.2094444444,-2.77694444444,80.0,,,
ESPVA0300000003830E,38.7847222222,-0.43,390.0,,,
ESPVA0300000003779A,38.8488888889,0.0155555555556,20.0,,,
ESIBA0700000107141F,39.6169444444,2.77416666667,180.0,,,
ESMAD2800000028450B,40.6941666667,-4.02305555556,1062.0,,,
ESCAT0800000008020A,41.4236111111,2.20333333333,30.0,,,
ESPVA1200000012600A,39.8258333333,-0.232222222222,140.0,,,
ESMAD2800000028500A,40.3136111111,-3.47888888889,545.0,,,
ESCAT2500000025600A,41.7919444444,0.812777777778,235.0,,,
ESCAT0800000008304A,41.5530555556,2.44777777778,105.0,,,
ESPVA1200000012590B,39.7286111111,-0.188611111111,12.0,,,
ESIBA0700000107670B,39.4161111111,3.24722222222,36.0,,,
ESPVA4600000046191A,39.5658333333,-0.623055555556,174.0,,,
ESAND4100000041860B,37.5336111111,-6.15055555556,125.0,,,
ESIBA0700000107190A,39.6694444444,2.57916666667,198.0,,,
ESPVA4600000046841A,38.8758333333,-0.383055555556,320.0,,,
ESIBA0700000107340B,39.7044444444,2.79,217.0,,,
ESIBA0700000107350A,39.6886111111,2.84194444444,138.0,,,
ESCAT0800000008470D,41.6886111111,2.50527777778,155.0,,,
ESCLM0200000002600A,39.2666666667,-2.60805555556,728.0,,,
ESPVA4600000046400A,39.16,-0.24,8.0,,,
ESMAD2800000028035A,40.4786111111,-3.7175,665.0,,,
ESMUR3000000030510G,38.6088888889,-1.13833333333,602.0,,,
ESIBA0700000107590B,39.7038888889,3.45472222222,12.0,,,
ESPVA0300000003502A,38.5427777778,-0.148611111111,160.0,,,
ESAST3300000033940B,43.2875,-5.63388888889,245.0,,,
ESCAT0800000008349A,41.5091666667,2.40166666667,9.0,,,
ESMUR3000000030140A,38.0633333333,-1.05194444444,41.0,,,
ESCYL4700000047140B,41.5786111111,-4.71277777778,702.0,,,
ESCAT0800000008915A,41.4611111111,2.24361111111,70.0,,,
ESCYL4700000047014A,41.6075,-4.75388888889,690.0,,,
ESCAT0800000008226A,41.5725,2.02138888889,322.0,,,
ESPVA4600000046117A,39.5822222222,-0.493888888889,150.0,,,
ESCLM0200000002500A,38.5883333333,-1.725,652.0,,,
ESGAL1500000015200A,42.81,-8.94972222222,20.0,,,
ESARA5000000050409B,41.3655555556,-1.3,630.0,,,
ESAND1400000014500A,37.3455555556,-4.74694444444,280.0,,,
ESAND2900000029400D,36.7305555556,-5.15361111111,739.0,,,
ESCAT4300000043003B,41.1161111111,1.265,40.0,,,
ESCLM1300000013001A,38.9830555556,-3.92555555556,635.0,,,
ESCYL0900000009196A,42.3161111111,-3.75222222222,882.0,,,
ESCAT1700000017257B,42.0388888889,3.12583333333,27.0,,,
ESMUR3000000030430D,38.0922222222,-1.79472222222,544.0,,,
ESPVA4600000046850B,38.9116666667,-0.546944444444,256.0,,,
ESAND1100000011160A,36.1808333333,-5.92388888889,14.0,,,
ESPVA0300000003660B,38.3852777778,-0.77,241.0,,,
ESCYL3700000037300A,40.9016666667,-5.20027777778,903.0,,,
ESPVA1200000012539A,39.8977777778,-0.115,25.0,,,
ESMAD2800000028049A,40.5433333333,-3.69111111111,720.0,,,
ESCLM1900000019210B,40.8116666667,-3.15972222222,717.0,,,
ESMAD2800000028240B,40.6,-3.9,1007.0,,,
ESCAT1700000017001B,41.9872222222,2.825,75.0,,,
ESCYL3400000034830A,42.8525,-4.37916666667,950.0,,,
ESCLM0200000002200A,39.2722222222,-1.46027777778,773.0,,,
